s腹,ó烀O,ó旎,ó飙笨nキよそへ
RPSNMLSKNHLFFAT27CA,YDキ,0,22.00
RPWNMLSKNHLFFAT67CA,YDキ,500000,24.00
RPSOMLQJOHLFFAT17CA,YDキ,0,
RPPNMLKLNHLFFAT88CA,YDキ,0,15.61
RPTNMLNLNHLFFAT96CA,YDキ,0,
RPTNMLRLNHLFFCT57CA,ど熬鞅,0,
RPQOMLPLNHLFFAT96CA,YDキ,0,
RPQOMLQLNHLFFAT07CA,YDキ,0,
RPUNMLQLNHLFFCT57CA,YDキ,0,
RPSNMLRKOHLFFDT57CA,@加キ,0,
RPSNMLRKOHLFFDT57CA,@加キ,0,
RPPOMLLMNHLFFAT56CA,@加キ,0,10.78
RPROMLMJOHLFFAT66CA,YDキ,0,
RPRNMLRLNHLFFAT17CA,YDキ,0,
RPTOMLMJOHLFFAT86CA,YD诀瘪,0,
RPWOMLLMNHLFFAT27CA,YDキ,0,
RPUPMLKMNHLFFAT07CA,@加キ,0,
RPTNMLRKOHLFFDT67CA,@加キ,0,
RPTNMLRKOHLFFDT67CA,@加キ,0,
RPRNMLNKOHLFFBT86CA,YDキ,0,
RPTPMLSJOHLFFAT57CA,YDキ,0,1.14
RPTPMLSJOHLFFAT57CA,YDキ,0,1.31
RPTPMLSJOHLFFAT57CA,YDキ,0,1.14
