¶mÂí¥«°Ï,¯²¸î¼Ðªº,¤g¦a°Ï¬q¦ì¸m©Î«Øª«°ÏªùµP,¯²¸îÁ`­±¿n¥­¤è¤½¤Ø,³£¥«¤g¦a¨Ï¥Î¤À°Ï,«D³£¥«¤g¦a¨Ï¥Î¤À°Ï,«D³£¥«¤g¦a¨Ï¥Î½s©w,¯²¸î¦~¤ë¤é,¯²¸îµ§´É¼Æ,¯²¸î¼h¦¸,Á`¼Ó¼h¼Æ,«Øª««¬ºA,¥D­n¥Î³~,¥D­n«Ø§÷,«Ø¿v§¹¦¨¦~¤ë,¯²¸îÁ`­±¿n¥­¤è¤½¤Ø,«Øª«²{ªp®æ§½-©Ð,«Øª«²{ªp®æ§½-ÆU,«Øª«²{ªp®æ§½-½Ã,«Øª«²{ªp®æ§½-¹j¶¡,¦³µLºÞ²z²ÕÂ´,¦³µLªþ³Ã­Ñ,Á`ÃB¤¸,³æ»ù¨C¥­¤è¤½¤Ø,¨®¦ìÃþ§O,¯²¸îÁ`­±¿n¥­¤è¤½¤Ø,¯²ª÷Á`ÃB¤¸,³Æµù,½s¸¹
¤­ªÑ°Ï,«Øª«,·s¥_¥«¤­ªÑ°Ï¤­ºÖ¸ô121~150¸¹,0.0,¦í,,,1050426,¤g¦a0«Øª«1¨®¦ì0,¤@¼h,12,¦í¦v¤j¼Ó(11¼h§t¥H¤W¦³¹q±è),¦í®a¥Î,¿ûµ¬²V¾®¤g³y,0841027,139.97,3,2,2,¦³,µL,µL,20000,143,,0.0,0,,RPOPMLMJNHLFFBF87CC
ªL¤f°Ï,©Ð¦a(¤g¦a+«Øª«),·s¥_¥«ªL¤f°Ï¤¤¤s¸ô301~330¸¹,25.64,¦í,,,1050401,¤g¦a1«Øª«1¨®¦ì0,¤@¼h,3,©±­±(©±¾Q),¨£¨ä¥Lµn°O¨Æ¶µ,¿ûµ¬²V¾®¤g³y,0970609,70.09,0,1,1,¦³,¦³,µL,20000,285,,0.0,0,,RPQPMLMJNHLFFBF08CC
¤­ªÑ°Ï,«Øª«,·s¥_¥«¤­ªÑ°Ï¤u°Ó¸ô115«Ñ1~30¸¹,0.0,¨ä¥L,,,1050425,¤g¦a0«Øª«1¨®¦ì0,¤@¼h,4,¤½´J(5¼Ó§t¥H¤UµL¹q±è),°Ó·~¥Î,¿ûµ¬²V¾®¤g³y,0680310,72.71,0,0,0,µL,µL,µL,10000,138,,0.0,0,,RPRPMLMJNHLFFBF18CC
¤­ªÑ°Ï,«Øª«,·s¥_¥«¤­ªÑ°Ï¤­ºÖ¸ô52«Ñ1~30¸¹,0.0,¦í,,,1050501,¤g¦a0«Øª«1¨®¦ì0,¤T¼h,4,¤½´J(5¼Ó§t¥H¤UµL¹q±è),¦í®a¥Î,¿ûµ¬²V¾®¤g³y,0730309,79.36,2,1,1,¦³,µL,µL,7000,88,,0.0,0,,RPUPMLMJNHLFFBF48CC
¥Ã©M°Ï,«Øª«,·s¥_¥«¥Ã©M°Ï¤¤¥¿¸ô61~90¸¹,0.0,°Ó,,,1050302,¤g¦a0«Øª«1¨®¦ì0,¤G¼h,4,¤½´J(5¼Ó§t¥H¤UµL¹q±è),¦í®a¥Î,¿ûµ¬²V¾®¤g³y,0680619,61.15,0,0,0,µL,µL,µL,25000,409,,0.0,0,,RPVNMLMJNHLFFHF98CC
¤¤©M°Ï,«Øª«,·s¥_¥«¤¤©M°Ï»O·sµó31~60¸¹,14.7,¦í,,,1050425,¤g¦a0«Øª«1¨®¦ì0,¤Q¤@¼h,11,¦í¦v¤j¼Ó(11¼h§t¥H¤W¦³¹q±è),¦í®a¥Î,¿ûµ¬²V¾®¤g³y,0880717,78.89,2,2,1,¦³,¦³,µL,18700,237,,0.0,0,,RPTOMLMJNHLFFHF88CC
¤¤©M°Ï,«Øª«,·s¥_¥«¤¤©M°Ï¦Û¥ß¸ô1~30¸¹,0.0,¦í,,,1050415,¤g¦a0«Øª«1¨®¦ì0,¤@¼h,5,©±­±(©±¾Q),°Ó·~¥Î,¿ûµ¬²V¾®¤g³y,0700528,100.56,0,0,0,µL,µL,µL,65000,646,,0.0,0,,RPVOMLNJNHLFFHF56CC
¤T®l°Ï,©Ð¦a(¤g¦a+«Øª«),·s¥_¥«¤T®l°Ï¤j¤¯¸ô31~60¸¹,58.99,¦í,,,1050413,¤g¦a1«Øª«1¨®¦ì0,¤@¼h,7,©±­±(©±¾Q),°Ó·~¥Î,¿ûµ¬²V¾®¤g³y,0820805,161.84,1,1,1,¦³,¦³,µL,40000,247,,0.0,0,,RPTOMLNJNHLFFIF09CC
ªO¾ô°Ï,©Ð¦a(¤g¦a+«Øª«),·s¥_¥«ªO¾ô°Ï¥|ºû¸ô181~210¸¹,27.36,¦í,,,1050320,¤g¦a1«Øª«1¨®¦ì0,¤@¼h,14,©±­±(©±¾Q),¨£¨ä¥Lµn°O¨Æ¶µ,¿ûµ¬²V¾®¤g³y,0960828,147.70999999999998,0,0,0,µL,µL,µL,12000,81,,0.0,0,,RPVOMLNJNHLFFAF68EC
¤g«°°Ï,©Ð¦a(¤g¦a+«Øª«)+¨®¦ì,·s¥_¥«¤g«°°Ï©¾©Ó¸ô91~120¸¹,50.01,¤u,,,1050311,¤g¦a1«Øª«1¨®¦ì2,¤»¼h,12,¼t¿ì,¨£¨ä¥Lµn°O¨Æ¶µ,¿ûµ¬²V¾®¤g³y,0990611,303.11,0,0,0,µL,¦³,µL,63000,234,©Y¹D¥­­±,59.1,6000,,RPWOMLNJNHLFFAF78EC
ªO¾ô°Ï,©Ð¦a(¤g¦a+«Øª«),·s¥_¥«ªO¾ô°Ï«Ø°êµó121~150¸¹,21.25,¦í,,,1050330,¤g¦a1«Øª«1¨®¦ì0,¤@¼h,4,©±­±(©±¾Q),¦í®a¥Î,¥[±j¿j³y,0640521,69.58,0,0,0,µL,µL,µL,35000,503,,0.0,0,¯²¸î½d³ò§t°ê¦³¦a©Ó¯²¡A¤ë¯²8000¤¸(¤w¤º§t©ó©Ð¦a¯²ª÷Á`ÃB35000¤¸¤º)¡CºM¾P­ì¥Ó³ø®Ñ§Ç¸¹C1FA10503310023,RPXOMLNJNHLFFAF88EC
¤g«°°Ï,©Ð¦a(¤g¦a+«Øª«)+¨®¦ì,·s¥_¥«¤g«°°Ï©¾©Ó¸ô91~120¸¹,54.23,¤u,,,1050301,¤g¦a1«Øª«1¨®¦ì2,¤T¼h,12,¼t¿ì,¨£¨ä¥Lµn°O¨Æ¶µ,¿ûµ¬²V¾®¤g³y,0990611,306.5,0,0,0,µL,¦³,µL,66000,243,©Y¹D¥­­±,59.1,6000,,RPOPMLNJNHLFFAF08EC
·s©±°Ï,©Ð¦a(¤g¦a+«Øª«),·s¥_¥«·s©±°ÏÀôªe¸ô31~60¸¹,8.07,¦í,,,1050331,¤g¦a2«Øª«1¨®¦ì0,¤@¼h,34,¦í¦v¤j¼Ó(11¼h§t¥H¤W¦³¹q±è),°Ó·~¥Î,¿û°©²V¾®¤g³y,0880826,106.05,0,0,0,µL,¦³,µL,34000,321,,0.0,0,,RPUNMLNJNHLFFCF68EC
¤¤©M°Ï,©Ð¦a(¤g¦a+«Øª«)+¨®¦ì,·s¥_¥«¤¤©M°Ï«Ø¤K¸ô1~30¸¹,58.31,¤u,,,1050414,¤g¦a1«Øª«1¨®¦ì1,¤Q¤K¼h,18,¼t¿ì,¤u°Ó¥Î,¿ûµ¬²V¾®¤g³y,0880227,562.49,0,0,0,µL,¦³,µL,115000,208,©Y¹D¥­­±,33.0,5000,,RPQOMLNJNHLFFHF88EC
¤­ªÑ°Ï,«Øª«,·s¥_¥«¤­ªÑ°ÏªÚ¬w¤­¸ô91~120¸¹,0.0,¦í,,,1050426,¤g¦a0«Øª«1¨®¦ì0,¤Q¤G¼h,15,¦í¦v¤j¼Ó(11¼h§t¥H¤W¦³¹q±è),¨£¨ä¥Lµn°O¨Æ¶µ,¿ûµ¬²V¾®¤g³y,1021014,101.68,2,1,1,¦³,µL,µL,17000,167,,0.0,0,,RPUOMLNJNHLFFBF48CC
·s²ø°Ï,«Øª«,·s¥_¥«·s²ø°Ï¤¤®õµó91~120¸¹,0.0,¦í,,,1050405,¤g¦a0«Øª«1¨®¦ì0,¥|¼h,5,¤½´J(5¼Ó§t¥H¤UµL¹q±è),¦í®a¥Î,¿ûµ¬²V¾®¤g³y,0700109,122.46,4,2,2,¦³,µL,µL,7800,64,,0.0,0,,RPVOMLNJNHLFFBF58CC
ªL¤f°Ï,©Ð¦a(¤g¦a+«Øª«),·s¥_¥«ªL¤f°Ï¥|ºû¸ô91~120¸¹,20.96,¦í,,,1050407,¤g¦a1«Øª«1¨®¦ì0,¤@¼h,12,©±­±(©±¾Q),¨£¨ä¥Lµn°O¨Æ¶µ,¿ûµ¬²V¾®¤g³y,0930519,105.82,0,0,1,¦³,¦³,¦³,35000,331,,0.0,0,,RPQPMLNJNHLFFBF18CC
ªL¤f°Ï,©Ð¦a(¤g¦a+«Øª«)+¨®¦ì,·s¥_¥«ªL¤f°Ï¤å¤Æ¤T¸ô¤@¬q555«Ñ1~30¸¹,8.41,¦í,,,1050503,¤g¦a1«Øª«1¨®¦ì1,¤G¼h,12,¦í¦v¤j¼Ó(11¼h§t¥H¤W¦³¹q±è),¦í®a¥Î,¿ûµ¬²V¾®¤g³y,0961227,85.94,1,0,1,¦³,¦³,¦³,12000,140,©Y¹D¥­­±,40.64,0,,RPUPMLNJNHLFFBF58CC
·s²ø°Ï,©Ð¦a(¤g¦a+«Øª«),·s¥_¥«·s²ø°Ï¤­¤u¸ô61~90¸¹,26.0,,¤u·~°Ï,¤BºØ«Ø¿v¥Î¦a,1050406,¤g¦a1«Øª«1¨®¦ì0,¤C¼h,7,µØ·H(10¼h§t¥H¤U¦³¹q±è),¦í®a¥Î,¿ûµ¬²V¾®¤g³y,0840428,103.83,1,1,4,¦³,µL,µL,31786,306,,0.0,0,,RPVPMLNJNHLFFBF68CC
·s²ø°Ï,©Ð¦a(¤g¦a+«Øª«),·s¥_¥«·s²ø°Ï¤Æ¦¨¸ô814«Ñ1~30¸¹,43.99,¤u,,,1050425,¤g¦a1«Øª«1¨®¦ì0,¤@¼h,3,¼t¿ì,¨£¨ä¥Lµn°O¨Æ¶µ,¿ûµ¬²V¾®¤g³y,0750802,112.5,0,1,1,¦³,µL,µL,37000,329,,0.0,0,,RPWPMLNJNHLFFBF78CC
·s²ø°Ï,©Ð¦a(¤g¦a+«Øª«),·s¥_¥«·s²ø°Ï¤­¤u¤G¸ô86«Ñ1~30¸¹,25.88,,¤u·~°Ï,¤BºØ«Ø¿v¥Î¦a,1050428,¤g¦a1«Øª«1¨®¦ì0,¤K¼h,8,µØ·H(10¼h§t¥H¤U¦³¹q±è),¦í®a¥Î,¿ûµ¬²V¾®¤g³y,0840811,104.87,4,2,2,¦³,¦³,¦³,28380,271,,0.0,0,,RPOQMLNJNHLFFBF08CC
ªO¾ô°Ï,«Øª«,·s¥_¥«ªO¾ô°Ï­«¼y¸ô1~30¸¹,0.0,°Ó,,,1050425,¤g¦a0«Øª«1¨®¦ì0,¨£¨ä¥Lµn°O¨Æ¶µ,4,©±­±(©±¾Q),¦í®a¥Î,¥[±j¿j³y,0631125,498.2,0,0,0,µL,µL,µL,415000,833,,0.0,0,,RPSOMLNJNHLFFAF18CC
ªO¾ô°Ï,©Ð¦a(¤g¦a+«Øª«),·s¥_¥«ªO¾ô°Ïº~¥ÍªF¸ô73«Ñ1~30¸¹,29.54,¦í,,,1050429,¤g¦a1«Øª«1¨®¦ì0,¤@¼h,5,©±­±(©±¾Q),¦í°Ó¥Î,¿ûµ¬²V¾®¤g³y,,108.07,0,0,0,µL,µL,µL,55000,509,,0.0,0,105~108¯²ª÷5.5¸U/108~111¯²ª÷6¸U,RPPOMLOJNHLFFAF97CC
¤g«°°Ï,©Ð¦a(¤g¦a+«Øª«),·s¥_¥«¤g«°°Ï©µ¹Ø¸ô75«Ñ23§Ë1~30¸¹,41.39,¦í,,,1050503,¤g¦a1«Øª«1¨®¦ì0,¥|¼h,4,¤½´J(5¼Ó§t¥H¤UµL¹q±è),¦í®a¥Î,¿ûµ¬²V¾®¤g³y,0771210,159.08,5,2,3,¦³,µL,µL,18000,113,,0.0,0,,RPQOMLOJNHLFFAF08CC
¦Á¤î°Ï,©Ð¦a(¤g¦a+«Øª«)+¨®¦ì,·s¥_¥«¦Á¤î°Ï·s»O¤­¸ô¤@¬q211~240¸¹,0.0,¦í,,,1050502,¤g¦a1«Øª«1¨®¦ì1,¤»¼h,13,¦í¦v¤j¼Ó(11¼h§t¥H¤W¦³¹q±è),¦í®a¥Î,¿ûµ¬²V¾®¤g³y,0860610,117.63,4,2,1,¦³,¦³,¦³,19000,162,©Y¹D¾÷±ñ,22.97,0,¯²ª÷§tºÞ²z¶O,RPPNMLOJNHLFFDF18CC
¦Á¤î°Ï,©Ð¦a(¤g¦a+«Øª«),·s¥_¥«¦Á¤î°Ï³s¿³µó128«Ñ1~30¸¹,0.0,¦í,,,1050502,¤g¦a1«Øª«1¨®¦ì0,¤@¼h,5,©±­±(©±¾Q),¦í®a¥Î,¥[±j¿j³y,0640825,98.68,0,0,0,µL,µL,µL,28000,284,,0.0,0,,RPQNMLOJNHLFFDF28CC
¦Á¤î°Ï,«Øª«,·s¥_¥«¦Á¤î°ÏºÖ¼w¤@¸ô281«Ñ1~30¸¹,171.9,°Ó,,,1050425,¤g¦a0«Øª«1¨®¦ì0,¤@¼h,2,¼t¿ì,¤u°Ó¥Î,¿ûµ¬²V¾®¤g³y,0710807,238.11,0,0,0,µL,µL,µL,65000,273,,0.0,0,,RPSNMLOJNHLFFDF48CC
²H¤ô°Ï,©Ð¦a(¤g¦a+«Øª«)+¨®¦ì,·s¥_¥«²H¤ô°Ï·s¥«¤@¸ô¤@¬q361~390¸¹,43.59,¨ä¥L,,,1050428,¤g¦a1«Øª«1¨®¦ì1,¤E¼h,15,¦í¦v¤j¼Ó(11¼h§t¥H¤W¦³¹q±è),¦í®a¥Î,¿ûµ¬²V¾®¤g³y,1040819,240.33,4,2,2,¦³,¦³,¦³,26000,108,©Y¹D¥­­±,0.0,0,,RPXNMLOJNHLFFEF09CC
¤T­«°Ï,«Øª«,·s¥_¥«¤T­«°Ï¤¤¥¿¥_¸ô530«Ñ1~30¸¹,0.0,¤u,,,1050412,¤g¦a0«Øª«1¨®¦ì0,¤T¼h,5,µØ·H(10¼h§t¥H¤U¦³¹q±è),¤u·~¥Î,¿ûµ¬²V¾®¤g³y,0850810,239.62,0,0,0,µL,µL,µL,30000,125,,0.0,0,,RPXNMLOJNHLFFGF66CC
ªL¤f°Ï,©Ð¦a(¤g¦a+«Øª«),·s¥_¥«ªL¤f°Ï¤å¤Æ¤G¸ô¤@¬q20«Ñ1~30¸¹,5.55,¦í,,,1050427,¤g¦a1«Øª«1¨®¦ì0,¤T¼h,14,¦í¦v¤j¼Ó(11¼h§t¥H¤W¦³¹q±è),¦í®a¥Î,¿ûµ¬²V¾®¤g³y,0830530,38.43,1,0,1,¦³,¦³,¦³,10000,260,,0.0,0,,RPRNMLOJNHLFFBF18CC
·s²ø°Ï,©Ð¦a(¤g¦a+«Øª«),·s¥_¥«·s²ø°Ï¤¤¥¿¸ô901~930¸¹,33.08,¦í,,,1050427,¤g¦a2«Øª«1¨®¦ì0,¤@¼h,7,µØ·H(10¼h§t¥H¤U¦³¹q±è),¦í®a¥Î,¿ûµ¬²V¾®¤g³y,0800426,186.04,0,0,0,µL,µL,µL,32000,172,,0.0,0,,RPVNMLOJNHLFFBF58CC
¤­ªÑ°Ï,«Øª«,·s¥_¥«¤­ªÑ°Ï¦¨®õ¸ô¤@¬q7«Ñ48§Ë1~30¸¹,14.08,¦í,,,1050425,¤g¦a0«Øª«1¨®¦ì0,¥|¼h,15,¦í¦v¤j¼Ó(11¼h§t¥H¤W¦³¹q±è),¨£¨ä¥Lµn°O¨Æ¶µ,¿ûµ¬²V¾®¤g³y,1040820,78.1,2,1,1,¦³,µL,µL,16500,211,,0.0,0,,RPVOMLOJNHLFFBF68CC
¤­ªÑ°Ï,«Øª«,·s¥_¥«¤­ªÑ°Ï¦¨®õ¸ô¤T¬q61~90¸¹,44.46,¦í,,,1050426,¤g¦a0«Øª«1¨®¦ì0,¤G¼h,4,¤½´J(5¼Ó§t¥H¤UµL¹q±è),¦í®a¥Î,¿ûµ¬²V¾®¤g³y,0690213,63.36,2,1,1,¦³,µL,µL,10000,158,,0.0,0,,RPOPMLOJNHLFFBF08CC
¤­ªÑ°Ï,«Øª«,·s¥_¥«¤­ªÑ°ÏªÚ¬w¸ô31~60¸¹,20.28,¦í,,,1050427,¤g¦a0«Øª«1¨®¦ì0,¤T¼h,15,¦í¦v¤j¼Ó(11¼h§t¥H¤W¦³¹q±è),¨£¨ä¥Lµn°O¨Æ¶µ,¿ûµ¬²V¾®¤g³y,1040824,92.67,2,1,1,¦³,µL,µL,19000,205,,0.0,0,,RPPPMLOJNHLFFBF18CC
¤­ªÑ°Ï,«Øª«,·s¥_¥«¤­ªÑ°Ï¦¨¬w¤­¸ô1~30¸¹,37.49,¦í,,,1050425,¤g¦a0«Øª«1¨®¦ì0,¤Q¤K¼h,19,¦í¦v¤j¼Ó(11¼h§t¥H¤W¦³¹q±è),¨£¨ä¥Lµn°O¨Æ¶µ,¿ûµ¬²V¾®¤g³y,1040903,219.85,4,2,3,¦³,µL,¦³,30000,136,,0.0,0,,RPQPMLOJNHLFFBF28CC
¤­ªÑ°Ï,¤g¦a,¤­ªÑ§|¬qÃb‚ð§|¤p¬q61~90¦a¸¹,1550.0,¨ä¥L,,,1050316,¤g¦a1«Øª«0¨®¦ì0,,,¨ä¥L,,,,0.0,0,0,0,¦³,µL,µL,200000,129,,0.0,0,,RPXPMLOJNHLFFBF98CC
¤­ªÑ°Ï,«Øª«,·s¥_¥«¤­ªÑ°Ï¦¨®õ¸ô¤@¬q189«Ñ4§Ë1~30¸¹,0.0,¦í,,,1050426,¤g¦a0«Øª«1¨®¦ì0,¥|¼h,4,¤½´J(5¼Ó§t¥H¤UµL¹q±è),¦í®a¥Î,¿ûµ¬²V¾®¤g³y,0680706,96.53,3,2,2,¦³,µL,µL,10000,104,,0.0,0,,RPVRMLOJNHLFFBF98CC
¤­ªÑ°Ï,«Øª«,·s¥_¥«¤­ªÑ°Ï¤Ñ¤A¸ô61~90¸¹,27.92,¦í,,,1050426,¤g¦a0«Øª«1¨®¦ì0,¤@¼h,6,µØ·H(10¼h§t¥H¤U¦³¹q±è),¦í®a¥Î,¿ûµ¬²V¾®¤g³y,0820830,93.6,3,2,1,¦³,µL,µL,14000,150,,0.0,0,,RPWRMLOJNHLFFBF09CC
¤­ªÑ°Ï,«Øª«,·s¥_¥«¤­ªÑ°Ï·s«°¤­¸ô1~30¸¹,1902.79,¦í,,,1050426,¤g¦a0«Øª«1¨®¦ì0,¤­¼h,14,¦í¦v¤j¼Ó(11¼h§t¥H¤W¦³¹q±è),¨£¨ä¥Lµn°O¨Æ¶µ,¿ûµ¬²V¾®¤g³y,1030402,127.13999999999999,2,1,1,¦³,µL,µL,19000,149,,0.0,0,,RPXRMLOJNHLFFBF56CC
¤¤©M°Ï,©Ð¦a(¤g¦a+«Øª«),·s¥_¥«¤¤©M°Ï±¶¹B¸ô1~30¸¹,13.08,¨ä¥L,,,1050317,¤g¦a1«Øª«1¨®¦ì0,¤Q¤C¼h,19,¦í¦v¤j¼Ó(11¼h§t¥H¤W¦³¹q±è),¨£¨ä¥Lµn°O¨Æ¶µ,¨£¨ä¥Lµn°O¨Æ¶µ,1000415,73.4,0,0,0,µL,¦³,µL,18500,252,,0.0,0,,RPSNMLOJNHLFFHF09EC
¥Ã©M°Ï,«Øª«,·s¥_¥«¥Ã©M°Ï¤¤¥¿¸ô391~420¸¹,0.0,°Ó,,,1050406,¤g¦a0«Øª«1¨®¦ì0,¤@¼h,11,¿ì¤½°Ó·~¤j¼Ó,¦í°Ó¥Î,¿ûµ¬²V¾®¤g³y,0770712,156.62,2,2,2,¦³,¦³,µL,57000,364,,0.0,0,¥X¯²¼h¦¸1~2¼ÓºM¾PC1FH10504110015¡A§ó¥¿²Ä21Äæ¦ì,RPTOMLOJNHLFFHF66EC
ªO¾ô°Ï,«Øª«,·s¥_¥«ªO¾ô°Ï¤å¤Æ¸ô¤@¬q331~360¸¹,0.0,¦í,,,1050305,¤g¦a0«Øª«1¨®¦ì0,¤G¤Q¤K¼h,40,®M©Ð(1©Ð1ÆU1½Ã),¦í®a¥Î,¨£¨ä¥Lµn°O¨Æ¶µ,0990715,47.06,1,1,1,¦³,¦³,¦³,20000,425,,0.0,0,,RPWOMLOJNHLFFAF88EC
ªL¤f°Ï,©Ð¦a(¤g¦a+«Øª«),·s¥_¥«ªL¤f°Ï¤½¶é¸ô181~210¸¹,21.97,¦í,,,1050502,¤g¦a1«Øª«1¨®¦ì0,¤@¼h,10,©±­±(©±¾Q),¨£¨ä¥Lµn°O¨Æ¶µ,¿ûµ¬²V¾®¤g³y,0940902,122.6,0,0,0,µL,¦³,µL,12000,98,,0.0,0,,RPSPMLOJNHLFFBF58DC
·s©±°Ï,«Øª«,·s¥_¥«·s©±°Ï¥ÁÅv¸ô61~90¸¹,0.0,¦í,,,1050406,¤g¦a0«Øª«1¨®¦ì0,¤K¼h,10,µØ·H(10¼h§t¥H¤U¦³¹q±è),¦í®a¥Î,¿ûµ¬²V¾®¤g³y,0780120,126.91,3,2,2,¦³,¦³,µL,28000,221,,0.0,0,,RPQNMLPJNHLFFCF28CC
¦Á¤î°Ï,©Ð¦a(¤g¦a+«Øª«),·s¥_¥«¦Á¤î°Ï¤j¦P¸ô¤T¬q601~630¸¹,5.38,¦í,,,1050422,¤g¦a1«Øª«1¨®¦ì0,¤Q¤­¼h,23,¦í¦v¤j¼Ó(11¼h§t¥H¤W¦³¹q±è),¦í®a¥Î,¿ûµ¬²V¾®¤g³y,0880201,46.11,1,1,1,¦³,¦³,¦³,7000,152,,0.0,0,1.§tºÞ²z¶O¡C,RPVOMLPJNHLFFDF56EC
¦Á¤î°Ï,©Ð¦a(¤g¦a+«Øª«),·s¥_¥«¦Á¤î°Ï¤j¦P¸ô¤T¬q601~630¸¹,8.36,¦í,,,1050428,¤g¦a1«Øª«1¨®¦ì0,¤G¤Q¤G¼h,23,¦í¦v¤j¼Ó(11¼h§t¥H¤W¦³¹q±è),¦í®a¥Î,¿ûµ¬²V¾®¤g³y,0880201,73.56,2,1,1,¦³,¦³,¦³,14000,190,,0.0,0,1.§tºÞ²z¶O(¨C©W45¤¸)¡C,RPWOMLPJNHLFFDF66EC
¦Á¤î°Ï,©Ð¦a(¤g¦a+«Øª«),·s¥_¥«¦Á¤î°Ï¤j¦P¸ô¤T¬q601~630¸¹,6.31,¦í,,,1050504,¤g¦a1«Øª«1¨®¦ì0,¤G¤Q¼h,32,¦í¦v¤j¼Ó(11¼h§t¥H¤W¦³¹q±è),¦í®a¥Î,¿ûµ¬²V¾®¤g³y,0880203,74.57000000000001,1,1,1,¦³,¦³,µL,8000,107,,0.0,0,1.§tºÞ²z¶O(¨C©W45¤¸)¡C,RPOPMLPJNHLFFDF58EC
¾ðªL°Ï,©Ð¦a(¤g¦a+«Øª«)+¨®¦ì,·s¥_¥«¾ðªL°Ï¨Î¶é¸ô¤T¬q391~420¸¹,30.65,¦í,,,1050421,¤g¦a1«Øª«1¨®¦ì1,¤Q¥|¼h,14,¦í¦v¤j¼Ó(11¼h§t¥H¤W¦³¹q±è),¨£¨ä¥Lµn°O¨Æ¶µ,¿ûµ¬²V¾®¤g³y,0961121,218.72,4,2,2,¦³,¦³,¦³,24000,110,©Y¹D¥­­±,30.93,0,,RPRNMLPJNHLFFIF98CC
¤T®l°Ï,©Ð¦a(¤g¦a+«Øª«),·s¥_¥«¤T®l°Ï¥Á¥Íµó27«Ñ1~30¸¹,3.8,¦í,,,1050419,¤g¦a1«Øª«1¨®¦ì0,¤­¼h,16,®M©Ð(1©Ð1ÆU1½Ã),¦í®a¥Î,¿ûµ¬²V¾®¤g³y,0850401,29.94,1,0,1,¦³,¦³,¦³,5000,167,,0.0,0,,RPSNMLPJNHLFFIF09CC
¤T®l°Ï,©Ð¦a(¤g¦a+«Øª«),·s¥_¥«¤T®l°Ï´_¿³¸ô160«Ñ2§Ë1~30¸¹,13.23,¨ä¥L,,,1050503,¤g¦a1«Øª«1¨®¦ì0,¤Q¤T¼h,16,¦í¦v¤j¼Ó(11¼h§t¥H¤W¦³¹q±è),¦í®a¥Î,¿ûµ¬²V¾®¤g³y,0830510,128.67,3,2,2,¦³,¦³,¦³,18000,140,,0.0,0,,RPTNMLPJNHLFFIF56CC
¤¤©M°Ï,©Ð¦a(¤g¦a+«Øª«),·s¥_¥«¤¤©M°Ï±¶¹B¸ô31~60¸¹,7.8,¨ä¥L,,,1050410,¤g¦a1«Øª«1¨®¦ì0,¤Q¤­¼h,19,®M©Ð(1©Ð1ÆU1½Ã),¨£¨ä¥Lµn°O¨Æ¶µ,¨£¨ä¥Lµn°O¨Æ¶µ,1000415,42.099999999999994,1,1,1,¦³,¦³,¦³,18500,439,,0.0,0,¯²ª÷§tºÞ²z¶O,RPSNMLPJNHLFFHF98CC
¤¤©M°Ï,«Øª«,·s¥_¥«¤¤©M°Ï´º¥­¸ô691~720¸¹,0.0,°Ó,,,1050415,¤g¦a0«Øª«2¨®¦ì0,¨£¨ä¥Lµn°O¨Æ¶µ,4,©±­±(©±¾Q),°Ó·~¥Î,¿ûµ¬²V¾®¤g³y,0660421,162.7,0,0,0,µL,µL,µL,85000,522,,0.0,0,,RPVNMLPJNHLFFHF66CC
¤¤©M°Ï,«Øª«,·s¥_¥«¤¤©M°Ï¥Ã¿³µó22«Ñ1~30¸¹,0.0,¦í,,,1050425,¤g¦a0«Øª«1¨®¦ì0,¥|¼h,4,¤½´J(5¼Ó§t¥H¤UµL¹q±è),¦í®a¥Î,¿ûµ¬²V¾®¤g³y,0650702,98.48,3,2,2,¦³,µL,µL,18000,183,,0.0,0,,RPPOMLPJNHLFFHF78CC
¤T­«°Ï,«Øª«,·s¥_¥«¤T­«°Ï¥ú´_¸ô¤@¬q31~60¸¹,0.0,¤u,,,1050118,¤g¦a0«Øª«1¨®¦ì0,¤T¼h,10,¿ì¤½°Ó·~¤j¼Ó,¤u·~¥Î,¿ûµ¬²V¾®¤g³y,0830323,113.72,3,0,1,¦³,¦³,¦³,20000,176,,0.0,0,§t10%µ|ª÷,RPRNMLPJNHLFFGF78CC
¤T­«°Ï,«Øª«,·s¥_¥«¤T­«°Ï­«·s¸ô¤­¬q631~660¸¹,0.0,¤u,,,1050419,¤g¦a0«Øª«1¨®¦ì2,¤C¼h,10,¼t¿ì,¤u·~¥Î,¿ûµ¬²V¾®¤g³y,0941003,402.52,0,0,0,µL,¦³,µL,65000,161,¤É­°¾÷±ñ,32.42,0,,RPWOMLPJNHLFFGF76CC
²H¤ô°Ï,«Øª«,·s¥_¥«²H¤ô°Ï¤¤¥¿ªF¸ô¤@¬q61~90¸¹,0.0,¦í,,,1050416,¤g¦a0«Øª«1¨®¦ì1,¤Q¤@¼h,14,¦í¦v¤j¼Ó(11¼h§t¥H¤W¦³¹q±è),¦í®a¥Î,¿ûµ¬²V¾®¤g³y,1011121,105.68,2,1,1,¦³,¦³,µL,17000,161,©Y¹D¥­­±,36.08,0,,RPPOMLPJNHLFFEF48CC
¦Á¤î°Ï,«Øª«,·s¥_¥«¦Á¤î°Ï·s¥_¥«¦Á¤î°Ï´ò«eµó110«Ñ97§Ë1~30¸¹,35.37,,¤s©Y¦a«O¨|°Ï,¤þºØ«Ø¿v¥Î¦a,1050428,¤g¦a0«Øª«1¨®¦ì0,¤­¼h,12,¦í¦v¤j¼Ó(11¼h§t¥H¤W¦³¹q±è),¦í®a¥Î,¿ûµ¬²V¾®¤g³y,0881202,181.57999999999998,4,2,2,¦³,¦³,µL,24500,135,,0.0,0,,RPXOMLPJNHLFFDF56CC
ªO¾ô°Ï,©Ð¦a(¤g¦a+«Øª«),·s¥_¥«ªO¾ô°Ï­^¤h¸ô16«Ñ2§Ë1~30¸¹,32.4,¦í,,,1050413,¤g¦a1«Øª«1¨®¦ì0,¥|¼h,5,¤½´J(5¼Ó§t¥H¤UµL¹q±è),¦í®a¥Î,¿ûµ¬²V¾®¤g³y,,107.7,3,2,2,¦³,µL,¦³,16500,153,,0.0,0,,RPPNMLPJNHLFFAF97CC
ªO¾ô°Ï,«Øª«,·s¥_¥«ªO¾ô°Ï¤å¤Æ¸ô¤@¬q331~360¸¹,0.0,¦í,,,1050407,¤g¦a0«Øª«1¨®¦ì0,¥|¼h,40,¦í¦v¤j¼Ó(11¼h§t¥H¤W¦³¹q±è),¦í®a¥Î,¨£¨ä¥Lµn°O¨Æ¶µ,0990715,49.63,1,0,0,µL,¦³,¦³,25000,504,,0.0,0,¯²ª÷¤º§tºÞ²z¶O¡C,RPQOMLPJNHLFFAF18CC
ªO¾ô°Ï,«Øª«,·s¥_¥«ªO¾ô°Ï²ø·q¸ô25«Ñ1~30¸¹,0.0,¦í,,,1050424,¤g¦a0«Øª«1¨®¦ì0,¤G¤Q¼h,25,¦í¦v¤j¼Ó(11¼h§t¥H¤W¦³¹q±è),¦í®a¥Î,¿ûµ¬²V¾®¤g³y,0860905,147.06,3,2,2,¦³,¦³,¦³,26000,177,,0.0,0,,RPVOMLQJNHLFFAF78CC
²H¤ô°Ï,©Ð¦a(¤g¦a+«Øª«),·s¥_¥«²H¤ô°Ï¤¤¥¿ªF¸ô¤G¬q61~90¸¹,0.45,¦í,,,1050502,¤g¦a1«Øª«1¨®¦ì0,¤­¼h,33,¦í¦v¤j¼Ó(11¼h§t¥H¤W¦³¹q±è),¦í®a¥Î,¿û°©¿ûµ¬²V¾®¤g³y,0880704,44.75,2,1,1,¦³,¦³,¦³,13000,291,,0.0,0,,RPROMLQJNHLFFEF78CC
²H¤ô°Ï,©Ð¦a(¤g¦a+«Øª«)+¨®¦ì,·s¥_¥«²H¤ô°Ï·s¥«¤@¸ô¤@¬q361~390¸¹,43.59,¦í,,,1050419,¤g¦a1«Øª«1¨®¦ì2,¤Q¼h,15,¦í¦v¤j¼Ó(11¼h§t¥H¤W¦³¹q±è),¦í®a¥Î,¿ûµ¬²V¾®¤g³y,1040819,185.05,4,2,2,¦³,¦³,µL,25000,135,©Y¹D¥­­±,55.3,0,,RPRPMLQJNHLFFEF88CC
²H¤ô°Ï,©Ð¦a(¤g¦a+«Øª«),·s¥_¥«²H¤ô°Ï¥ÁÅv¸ô211~240¸¹,8.71,¦í,,,1050411,¤g¦a1«Øª«1¨®¦ì0,¤G¤Q¤@¼h,29,¦í¦v¤j¼Ó(11¼h§t¥H¤W¦³¹q±è),¦í®a¥Î,¿û°©¿ûµ¬²V¾®¤g³y,0961005,89.7,2,1,1,¦³,¦³,¦³,23000,256,,0.0,0,,RPSPMLQJNHLFFEF98CC
¤T­«°Ï,«Øª«,·s¥_¥«¤T­«°Ï¦Û±j¸ô¤T¬q31~60¸¹,0.0,,,,1050505,¤g¦a0«Øª«1¨®¦ì0,¤@¼h,4,¤½´J(5¼Ó§t¥H¤UµL¹q±è),°Ó·~¥Î,¥[±j¿j³y,0640822,138.0,0,0,0,µL,µL,¦³,35000,254,,0.0,0,,RPUNMLQJNHLFFGF56CC
ªL¤f°Ï,©Ð¦a(¤g¦a+«Øª«),·s¥_¥«ªL¤f°ÏÄR¶é¤Gµó3«Ñ1~30¸¹,22.6,¦í,,,1050505,¤g¦a1«Øª«1¨®¦ì0,¤»¼h,7,µØ·H(10¼h§t¥H¤U¦³¹q±è),¨£¨ä¥Lµn°O¨Æ¶µ,¿ûµ¬²V¾®¤g³y,0730518,94.22,3,2,2,¦³,¦³,µL,12000,127,,0.0,0,,RPOOMLQJNHLFFBF18CC
ªL¤f°Ï,©Ð¦a(¤g¦a+«Øª«)+¨®¦ì,·s¥_¥«ªL¤f°Ï«n¶Õµó1~30¸¹,17.94,¦í,,,1050425,¤g¦a1«Øª«1¨®¦ì1,¤C¼h,12,¦í¦v¤j¼Ó(11¼h§t¥H¤W¦³¹q±è),¨£¨ä¥Lµn°O¨Æ¶µ,¿ûµ¬²V¾®¤g³y,1040819,146.45,3,2,2,¦³,¦³,¦³,24000,164,©Y¹D¥­­±,30.49,0,,RPSPMLQJNHLFFBF68CC
·s²ø°Ï,©Ð¦a(¤g¦a+«Øª«)+¨®¦ì,·s¥_¥«·s²ø°ÏºÖ¬üµó62«Ñ1~30¸¹,35.97,°Ó,,,1050501,¤g¦a1«Øª«1¨®¦ì1,¤@¼h,19,©±­±(©±¾Q),¨£¨ä¥Lµn°O¨Æ¶µ,¿ûµ¬²V¾®¤g³y,1031120,244.49,0,0,0,µL,µL,µL,58000,237,©Y¹D¥­­±,27.28,0,,RPTQMLQJNHLFFBF88CC
¥Ã©M°Ï,«Øª«,·s¥_¥«¥Ã©M°Ï«O¥Í¸ô22«Ñ19§Ë1~30¸¹,10.9,¦í,,,1050501,¤g¦a0«Øª«1¨®¦ì0,¤Q¤T¼h,25,¦í¦v¤j¼Ó(11¼h§t¥H¤W¦³¹q±è),¦í®a¥Î,¿ûµ¬²V¾®¤g³y,0850322,118.47,3,2,2,¦³,¦³,µL,22000,186,,0.0,0,¤ë¯²2.2¸U(§tºÞ²z¶O),RPROMLQJNHLFFHF09CC
¤T®l°Ï,©Ð¦a(¤g¦a+«Øª«),·s¥_¥«¤T®l°Ï¥Á¥Íµó27«Ñ1~30¸¹,2.53,¦í,,,1050505,¤g¦a1«Øª«1¨®¦ì0,¤K¼h,16,®M©Ð(1©Ð1ÆU1½Ã),¦í®a¥Î,¿ûµ¬²V¾®¤g³y,0850401,25.96,1,1,1,¦³,¦³,¦³,7000,270,,0.0,0,,RPROMLQJNHLFFIF56CC
¦Á¤î°Ï,©Ð¦a(¤g¦a+«Øª«),·s¥_¥«¦Á¤î°Ï¤j¦P¸ô¤T¬q601~630¸¹,6.64,¦í,,,1050428,¤g¦a1«Øª«1¨®¦ì0,¤G¤Q¥|¼h,32,¦í¦v¤j¼Ó(11¼h§t¥H¤W¦³¹q±è),¦í®a¥Î,¿ûµ¬²V¾®¤g³y,0880203,73.31,2,1,1,¦³,¦³,µL,13500,184,,0.0,0,1.§tºÞ²z¶O(¨C©W45¤¸)¡C,RPWNMLQJNHLFFDF66EC
¦Á¤î°Ï,©Ð¦a(¤g¦a+«Øª«),·s¥_¥«¦Á¤î°Ï¤j¦P¸ô¤T¬q601~630¸¹,3.91,¦í,,,1050428,¤g¦a1«Øª«1¨®¦ì0,¤Q¤G¼h,33,¦í¦v¤j¼Ó(11¼h§t¥H¤W¦³¹q±è),¦í®a¥Î,¿ûµ¬²V¾®¤g³y,0880203,41.99,1,1,1,¦³,¦³,¦³,7000,167,,0.0,0,1.§tºÞ²z¶O(¨C©W45¤¸)¡C,RPXNMLQJNHLFFDF76EC
·s©±°Ï,«Øª«,·s¥_¥«·s©±°Ï´_¿³¸ô1~30¸¹,0.0,¦í,,,1050415,¤g¦a0«Øª«2¨®¦ì0,¨£¨Ï¥Î°õ·Ó,5,¤½´J(5¼Ó§t¥H¤UµL¹q±è),°Ó·~¥Î,¿ûµ¬²V¾®¤g³y,0681002,184.16,6,4,4,¦³,µL,µL,35000,190,,0.0,0,,RPQOMLQJNHLFFCF48CC
¤T­«°Ï,«Øª«,·s¥_¥«¤T­«°Ï¤T©M¸ô¤@¬q91~120¸¹,0.0,°Ó,,,1050505,¤g¦a0«Øª«1¨®¦ì0,¤@¼h,4,©±­±(©±¾Q),°Ó·~¥Î,¥[±j¿j³y,0611013,126.0,0,0,0,µL,µL,µL,50000,397,,0.0,0,,RPTNMLQJNHLFFGF66EC
¦Á¤î°Ï,©Ð¦a(¤g¦a+«Øª«),·s¥_¥«¦Á¤î°ÏÀs¦w¸ô28«Ñ1~30¸¹,0.0,°Ó,,,1050506,¤g¦a1«Øª«1¨®¦ì0,¤Q¤E¼h,26,¦í¦v¤j¼Ó(11¼h§t¥H¤W¦³¹q±è),¦í®a¥Î,¿ûµ¬²V¾®¤g³y,0860703,36.8,1,0,1,¦³,¦³,¦³,10000,272,,0.0,0,,RPPNMLRJNHLFFDF48CC
¦Á¤î°Ï,©Ð¦a(¤g¦a+«Øª«)+¨®¦ì,·s¥_¥«¦Á¤î°Ï·s»O¤­¸ô¤@¬q151~180¸¹,0.0,°Ó,,,1050508,¤g¦a1«Øª«1¨®¦ì1,¥|¼h,28,¦í¦v¤j¼Ó(11¼h§t¥H¤W¦³¹q±è),¦í®a¥Î,¿ûµ¬²V¾®¤g³y,0890523,145.72,4,2,2,¦³,¦³,µL,25000,172,©Y¹D¥­­±,39.45,0,,RPPNMLTJNHLFFDF68CC
ªO¾ô°Ï,«Øª«,·s¥_¥«ªO¾ô°Ï¤å¤Æ¸ô¤@¬q331~360¸¹,0.0,¦í,,,1050419,¤g¦a0«Øª«1¨®¦ì0,¤Q¤G¼h,40,¦í¦v¤j¼Ó(11¼h§t¥H¤W¦³¹q±è),¦í®a¥Î,¨£¨ä¥Lµn°O¨Æ¶µ,0990715,41.0,1,1,1,¦³,¦³,¦³,22500,549,,0.0,0,,RPQOMLTJNHLFFAF58CC
²H¤ô°Ï,©Ð¦a(¤g¦a+«Øª«),·s¥_¥«²H¤ô°Ï¤¤¥¿ªF¸ô¤G¬q61~90¸¹,2.53,¦í,,,1050507,¤g¦a1«Øª«1¨®¦ì0,¤G¤Q¤­¼h,26,¦í¦v¤j¼Ó(11¼h§t¥H¤W¦³¹q±è),¦í®a¥Î,¿û°©²V¾®¤g³y,0920922,52.35,1,1,1,¦³,¦³,¦³,15000,287,,0.0,0,,RPPPMLTJNHLFFEF98CC
·s²ø°Ï,«Øª«,·s¥_¥«·s²ø°Ï¤¤´ä¸ô483«Ñ10§Ë1~30¸¹,0.0,¦í,,,1050418,¤g¦a0«Øª«0¨®¦ì0,¤­¼h,5,¤½´J(5¼Ó§t¥H¤UµL¹q±è),¦í®a¥Î,¿ûµ¬²V¾®¤g³y,0750612,25.59,4,4,4,¦³,µL,¦³,6000,234,,0.0,0,,RPOPMLTJNHLFFBF58CC
·s²ø°Ï,«Øª«,·s¥_¥«·s²ø°Ï«ØºÖ¸ô59«Ñ1~30¸¹,0.0,¦í,,,1050409,¤g¦a0«Øª«0¨®¦ì0,¤­¼h,5,¤½´J(5¼Ó§t¥H¤UµL¹q±è),¦í®a¥Î,¿ûµ¬²V¾®¤g³y,0731227,25.93,4,4,4,¦³,µL,µL,5500,212,,0.0,0,,RPQPMLTJNHLFFBF78CC
·s²ø°Ï,©Ð¦a(¤g¦a+«Øª«)+¨®¦ì,·s¥_¥«·s²ø°Ï¥Á¦w¸ô271~300¸¹,23.58,¦í,,,1050502,¤g¦a1«Øª«1¨®¦ì1,¤»¼h,7,µØ·H(10¼h§t¥H¤U¦³¹q±è),¦í®a¥Î,¿ûµ¬²V¾®¤g³y,0890103,109.72,3,2,2,¦³,¦³,¦³,18000,164,©Y¹D¾÷±ñ,0.0,0,,RPTPMLTJNHLFFBF09CC
ªL¤f°Ï,©Ð¦a(¤g¦a+«Øª«),·s¥_¥«ªL¤f°Ï¤å¤Æ¤G¸ô¤@¬q31~60¸¹,22.69,¦í,,,1050425,¤g¦a1«Øª«1¨®¦ì0,¨£¨ä¥Lµn°O¨Æ¶µ,14,©±­±(©±¾Q),°Ó·~¥Î,¿ûµ¬²V¾®¤g³y,0830530,159.44,1,0,0,µL,µL,µL,45000,282,,0.0,0,,RPPQMLTJNHLFFBF78CC
ªL¤f°Ï,©Ð¦a(¤g¦a+«Øª«)+¨®¦ì,·s¥_¥«ªL¤f°Ï¤å¤Æ¤G¸ô¤G¬q151~180¸¹,20.69,°Ó,,,1050422,¤g¦a1«Øª«1¨®¦ì1,¤C¼h,19,¦í¦v¤j¼Ó(11¼h§t¥H¤W¦³¹q±è),¨£¨ä¥Lµn°O¨Æ¶µ,¿ûµ¬²V¾®¤g³y,1001101,217.75,3,2,2,¦³,µL,¦³,30000,138,©Y¹D¥­­±,21.52,0,,RPRQMLTJNHLFFBF98CC
¤¤©M°Ï,«Øª«,·s¥_¥«¤¤©M°Ï¥Á§Qµó91~120¸¹,0.0,¦í,,,1050310,¤g¦a0«Øª«2¨®¦ì0,¨£¨ä¥Lµn°O¨Æ¶µ,5,¤½´J(5¼Ó§t¥H¤UµL¹q±è),¦í®a¥Î,¿ûµ¬²V¾®¤g³y,0781125,153.52,3,2,3,¦³,¦³,µL,30000,195,,0.0,0,,RPPNMLTJNHLFFHF66EC
·s©±°Ï,«Øª«,·s¥_¥«·s©±°Ï¥_·s¸ô¤T¬q121~150¸¹,0.0,¤u,,,1050506,¤g¦a0«Øª«1¨®¦ì0,¤G¼h,7,µØ·H(10¼h§t¥H¤U¦³¹q±è),¤u·~¥Î,¿ûµ¬²V¾®¤g³y,0771227,366.56,0,0,0,µL,µL,µL,64000,175,,0.0,0,,RPPNMLTJNHLFFCF58CC
·s©±°Ï,©Ð¦a(¤g¦a+«Øª«),·s¥_¥«·s©±°Ï¦w®õ¸ô1~30¸¹,33.47,¦í,,,1050501,¤g¦a1«Øª«1¨®¦ì0,¤G¼h,7,µØ·H(10¼h§t¥H¤U¦³¹q±è),¨£¨ä¥Lµn°O¨Æ¶µ,¿ûµ¬²V¾®¤g³y,1040921,90.5,2,2,1,¦³,¦³,µL,16000,177,,0.0,0,,RPOOMLTJNHLFFCF58CC
²H¤ô°Ï,«Øª«,·s¥_¥«²H¤ô°Ï·s¬Kµó91~120¸¹,0.0,,,,1050507,¤g¦a0«Øª«1¨®¦ì1,¤T¼h,9,µØ·H(10¼h§t¥H¤U¦³¹q±è),¦í®a¥Î,¿ûµ¬²V¾®¤g³y,1041223,125.45,2,2,2,¦³,¦³,µL,13000,104,©Y¹D¾÷±ñ,0.0,0,,RPVPMLTJNHLFFEF07DC
¾ðªL°Ï,©Ð¦a(¤g¦a+«Øª«)+¨®¦ì,·s¥_¥«¾ðªL°Ï¨Î¶é¸ô¤T¬q241~270¸¹,255.73,¦í,,,1050410,¤g¦a1«Øª«1¨®¦ì1,¨£¨ä¥Lµn°O¨Æ¶µ,2,©±­±(©±¾Q),¨£¨ä¥Lµn°O¨Æ¶µ,¿ûµ¬²V¾®¤g³y,1041228,318.32,0,0,0,µL,µL,µL,68000,214,¤@¼Ó¥­­±,0.0,0,,RPURMLTJNHLFFIF47CC
¤T®l°Ï,©Ð¦a(¤g¦a+«Øª«),·s¥_¥«¤T®l°Ï¤j¼w¸ô1~30¸¹,13.95,¦í,,,1050421,¤g¦a1«Øª«1¨®¦ì0,¤@¼h,14,©±­±(©±¾Q),°Ó·~¥Î,¿ûµ¬²V¾®¤g³y,0950316,82.88,0,0,0,µL,¦³,¦³,30000,362,,0.0,0,,RPOSMLTJNHLFFIF96CC
¾ðªL°Ï,©Ð¦a(¤g¦a+«Øª«),·s¥_¥«¾ðªL°Ï¨Î¶é¸ô¤T¬q241~270¸¹,237.72,¦í,,,1050410,¤g¦a1«Øª«1¨®¦ì0,¨£¨ä¥Lµn°O¨Æ¶µ,2,©±­±(©±¾Q),¨£¨ä¥Lµn°O¨Æ¶µ,¿ûµ¬²V¾®¤g³y,1041228,296.02,0,0,0,µL,µL,µL,50000,169,,0.0,0,,RPUTMLTJNHLFFIF67CC
¥Ã©M°Ï,«Øª«,·s¥_¥«¥Ã©M°Ï©¾§µµó26«Ñ27§Ë1~30¸¹,0.0,¦í,,,1050418,¤g¦a0«Øª«1¨®¦ì0,¤T¼h,5,¤½´J(5¼Ó§t¥H¤UµL¹q±è),¦í®a¥Î,¿ûµ¬²V¾®¤g³y,0611118,72.1,2,1,1,¦³,µL,µL,19000,264,,0.0,0,,RPRNMLTJNHLFFHF66CC
¥Ã©M°Ï,©Ð¦a(¤g¦a+«Øª«)+¨®¦ì,·s¥_¥«¥Ã©M°Ï«O¥Í¸ô1~30¸¹,55.01,¨ä¥L,,,1050307,¤g¦a2«Øª«1¨®¦ì1,¤K¼h,23,¿ì¤½°Ó·~¤j¼Ó,¦í°Ó¥Î,¿û°©¿ûµ¬²V¾®¤g³y,0810320,354.98,4,1,2,¦³,¦³,µL,80000,225,©Y¹D¥­­±,50.84,4500,"1.¦¹«Øª«((1)¤ÀA.B¨â¤á¡A¦¹¬°B¤á(2)¦³0.5­Ó¤ë¸ËæC´Á§K¯²ª÷)¡A¨®¦ì¥u¯²¸î1¦~11­Ó¤ë2.­ì¥Ó³ø§Ç¸¹C1FH10504060017,§ó¥¿²Ä¤C¶µ",RPWNMLTJNHLFFHF17CC
¤¤©M°Ï,«Øª«,·s¥_¥«¤¤©M°Ï³s«°¸ô222«Ñ1~30¸¹,0.0,¤u,,,1050426,¤g¦a0«Øª«1¨®¦ì0,¥þ,4,³z¤Ñ­í,¤u°Ó¥Î,¿ûµ¬²V¾®¤g³y,0790921,149.16,0,0,0,µL,µL,µL,22050,148,,0.0,0,,RPSOMLTJNHLFFHF86CC
¤¤©M°Ï,«Øª«,·s¥_¥«¤¤©M°Ï³s«°¸ô222«Ñ1~30¸¹,0.0,¤u,,,1050426,¤g¦a0«Øª«1¨®¦ì0,¥þ,4,³z¤Ñ­í,¤u°Ó¥Î,¿ûµ¬²V¾®¤g³y,0790921,149.16,0,0,0,µL,µL,µL,22050,148,,0.0,0,,RPTOMLTJNHLFFHF96CC
¤¤©M°Ï,«Øª«,·s¥_¥«¤¤©M°Ï¤¤¥¿¸ô1171~1200¸¹,0.0,¤u,,,1050422,¤g¦a0«Øª«1¨®¦ì0,¤­¼h,5,¤½´J(5¼Ó§t¥H¤UµL¹q±è),¨£¨ä¥Lµn°O¨Æ¶µ,¿ûµ¬²V¾®¤g³y,0790321,142.76,4,1,2,¦³,µL,µL,15000,105,,0.0,0,,RPVOMLTJNHLFFHF17CC
¤¤©M°Ï,«Øª«,·s¥_¥«¤¤©M°Ï³s«°¸ô134«Ñ1~30¸¹,0.0,¤u,,,1050414,¤g¦a0«Øª«1¨®¦ì0,¥þ,3,³z¤Ñ­í,¤u·~¥Î,¥[±j¿j³y,0601201,132.0,0,0,0,µL,µL,µL,20000,152,,0.0,0,"ºM¾P§ó¥¿C1FH10505060010²Ä4.5.20Äæ¶È¯²¤@¼h,¥B¯²¸î«Øª«­±¿n³¡¥÷¨Ï¥Î",RPWOMLTJNHLFFHF27CC
¤¤©M°Ï,«Øª«,·s¥_¥«¤¤©M°ÏªO«n¸ô481~510¸¹,0.0,¤u,,,1050413,¤g¦a0«Øª«1¨®¦ì0,¥|¼h,7,¼t¿ì,¨£¨ä¥Lµn°O¨Æ¶µ,¿ûµ¬²V¾®¤g³y,0951212,185.55,0,0,0,µL,µL,µL,36000,194,,0.0,0,"ºM¾P§ó¥¿C1FH10505060011§Ç¸¹¤§²Ä4.5.20Äæ,¶È¯²¸î«Øª«­±¿n³¡¥÷¨Ï¥Î",RPXOMLTJNHLFFHF37CC
¤¤©M°Ï,©Ð¦a(¤g¦a+«Øª«),·s¥_¥«¤¤©M°Ï¤¤¤s¸ô¤G¬q366«Ñ31~60¸¹,209.03,¤u,,,1050422,¤g¦a1«Øª«1¨®¦ì0,¥þ,2,³z¤Ñ­í,¨£¨ä¥Lµn°O¨Æ¶µ,¿ûµ¬²V¾®¤g³y,0750724,362.74,0,0,0,µL,µL,µL,130000,358,,0.0,0,,RPSNMLKKNHLFFHF58CC
¾ðªL°Ï,«Øª«,·s¥_¥«¾ðªL°Ï¤¤¤s¸ô¤@¬q137«Ñ1~30¸¹,0.0,°Ó,,,1050429,¤g¦a0«Øª«1¨®¦ì1,¤T¼h,10,µØ·H(10¼h§t¥H¤U¦³¹q±è),¨£¨ä¥Lµn°O¨Æ¶µ,¿ûµ¬²V¾®¤g³y,1040618,151.65,3,2,2,¦³,¦³,¦³,22000,145,¤É­°¾÷±ñ,11.89,0,,RPSOMLKKNHLFFIF78CC
¥Ã©M°Ï,©Ð¦a(¤g¦a+«Øª«)+¨®¦ì,·s¥_¥«¥Ã©M°Ï¤¯·R¸ô91~120¸¹,27.7,¦í,,,1050401,¤g¦a1«Øª«1¨®¦ì1,¤G¤Q¤T¼h,25,¦í¦v¤j¼Ó(11¼h§t¥H¤W¦³¹q±è),¨£¨ä¥Lµn°O¨Æ¶µ,¨£¨ä¥Lµn°O¨Æ¶µ,1021008,293.94,4,2,3,¦³,µL,¦³,70000,238,©Y¹D¥­­±,35.99,0,,RPRNMLKKNHLFFHF68EC
¤­ªÑ°Ï,©Ð¦a(¤g¦a+«Øª«),·s¥_¥«¤­ªÑ°Ï¤­Åv¸ô1~30¸¹,1004.31,,¤u·~°Ï,¤BºØ«Ø¿v¥Î¦a,1050503,¤g¦a1«Øª«1¨®¦ì0,¤­¼h,8,¼t¿ì,¤u·~¥Î,¿ûµ¬²V¾®¤g³y,0920825,330.57,0,0,0,µL,¦³,µL,68000,206,,0.0,0,«e¥b³¡¥÷,RPSOMLKKNHLFFBF08CC
·s²ø°Ï,©Ð¦a(¤g¦a+«Øª«),·s¥_¥«·s²ø°Ï¤Æ¦¨¸ô325«Ñ1~30¸¹,322.33,¤u,,,1050420,¤g¦a2«Øª«1¨®¦ì0,¥þ,2,³z¤Ñ­í,¤u·~¥Î,¿ûµ¬²V¾®¤g³y,0690128,508.8,0,0,0,µL,µL,µL,70000,138,,0.0,0,¥¼µ|¡B2F©Ó¯²³¡¥÷§t¼W«Ø©Î¥¼µn°O«Øª«¡C,RPTSMLKKNHLFFBF58CC
²H¤ô°Ï,©Ð¦a(¤g¦a+«Øª«),·s¥_¥«²H¤ô°Ï²Hª÷¸ô38«Ñ31~60¸¹,4.92,¦í,,,1050509,¤g¦a1«Øª«1¨®¦ì0,¤Q¤E¼h,22,¦í¦v¤j¼Ó(11¼h§t¥H¤W¦³¹q±è),¦í®a¥Î,¿ûµ¬²V¾®¤g³y,0980218,46.74,1,1,1,¦³,¦³,¦³,13000,278,,0.0,0,,RPPPMLKKNHLFFEF18CC
¤T­«°Ï,«Øª«,·s¥_¥«¤T­«°ÏÀsÀØ¸ô219«Ñ1~30¸¹,0.0,¦í,,,1050420,¤g¦a0«Øª«1¨®¦ì0,¤@¼h,5,¤½´J(5¼Ó§t¥H¤UµL¹q±è),¦í®a¥Î,¿ûµ¬²V¾®¤g³y,0711120,108.35,3,2,2,¦³,µL,µL,23000,212,,0.0,0,,RPUOMLKKNHLFFGF78CC
¤T­«°Ï,«Øª«,·s¥_¥«¤T­«°Ï©¾§µ¸ô¤T¬q84«Ñ1~30¸¹,0.0,¦í,,,1050308,¤g¦a0«Øª«1¨®¦ì0,¤Q¥|¼h,14,¦í¦v¤j¼Ó(11¼h§t¥H¤W¦³¹q±è),¦í®a¥Î,¿ûµ¬²V¾®¤g³y,1021119,175.14999999999998,3,2,2,¦³,¦³,¦³,35000,200,,0.0,0,,RPWOMLKKNHLFFGF98CC
ªO¾ô°Ï,«Øª«,·s¥_¥«ªO¾ô°ÏÀs¿³µó31~60¸¹,0.0,¦í,,,1050430,¤g¦a0«Øª«1¨®¦ì0,¤T¼h,4,¤½´J(5¼Ó§t¥H¤UµL¹q±è),¦í®a¥Î,¿ûµ¬²V¾®¤g³y,,80.98,3,2,2,¦³,µL,¦³,10000,123,,0.0,0,,RPOPMLKKNHLFFAF67CC
ªO¾ô°Ï,«Øª«,·s¥_¥«ªO¾ô°Ï·s©²¸ô91~120¸¹,0.0,¨ä¥L,,,1050422,¤g¦a0«Øª«1¨®¦ì0,¤»¼h,24,¦í¦v¤j¼Ó(11¼h§t¥H¤W¦³¹q±è),¦í®a¥Î,¿ûµ¬²V¾®¤g³y,0971119,109.49000000000001,3,2,2,¦³,¦³,µL,27000,247,,0.0,0,,RPUOMLLKNHLFFAF28CC
ªO¾ô°Ï,©Ð¦a(¤g¦a+«Øª«),·s¥_¥«ªO¾ô°ÏÂù¤Q¸ô¤G¬q151~180¸¹,107.0,¦í,,,1050510,¤g¦a1«Øª«4¨®¦ì0,¨£¨ä¥Lµn°O¨Æ¶µ,4,¤½´J(5¼Ó§t¥H¤UµL¹q±è),¦í®a¥Î,¥[±j¿j³y,,305.08,0,0,0,µL,µL,µL,175000,574,,0.0,0,,RPQPMLLKNHLFFAF97CC
ªO¾ô°Ï,©Ð¦a(¤g¦a+«Øª«),·s¥_¥«ªO¾ô°Ï¤å¤Æ¸ô¤G¬q182«Ñ3§Ë61~90¸¹,13.51,°Ó,,,1050415,¤g¦a1«Øª«1¨®¦ì0,¤G¤Q¼h,23,¦í¦v¤j¼Ó(11¼h§t¥H¤W¦³¹q±è),¨£¨ä¥Lµn°O¨Æ¶µ,¿û°©¿ûµ¬²V¾®¤g³y,0870808,101.21000000000001,2,2,1,¦³,¦³,¦³,30000,296,,0.0,0,,RPWPMLLKNHLFFAF58CC
¦Á¤î°Ï,©Ð¦a(¤g¦a+«Øª«),·s¥_¥«¦Á¤î°Ï·s»O¤­¸ô¤G¬q151~180¸¹,0.0,¦í,,,1050510,¤g¦a2«Øª«1¨®¦ì0,¤K¼h,36,¦í¦v¤j¼Ó(11¼h§t¥H¤W¦³¹q±è),¦í®a¥Î,¿û°©¿ûµ¬²V¾®¤g³y,0851230,93.58,3,2,2,¦³,¦³,µL,13500,144,,0.0,0,,RPQNMLLKNHLFFDF08CC
¦Á¤î°Ï,©Ð¦a(¤g¦a+«Øª«)+¨®¦ì,·s¥_¥«¦Á¤î°Ï·s»O¤­¸ô¤@¬q151~180¸¹,0.0,°Ó,,,1050510,¤g¦a1«Øª«1¨®¦ì1,¤Q¤G¼h,14,¿ì¤½°Ó·~¤j¼Ó,°Ó·~¥Î,¿ûµ¬²V¾®¤g³y,0880706,79.57,0,0,0,µL,¦³,µL,23500,295,¤É­°¾÷±ñ,24.31,0,,RPSNMLLKNHLFFDF28CC
¦Á¤î°Ï,©Ð¦a(¤g¦a+«Øª«),·s¥_¥«¦Á¤î°Ï·s»O¤­¸ô¤@¬q143«Ñ2§Ë1~30¸¹,0.0,¦í,,,1050509,¤g¦a1«Øª«1¨®¦ì0,¤@¼h,5,©±­±(©±¾Q),¨£¨ä¥Lµn°O¨Æ¶µ,¿ûµ¬²V¾®¤g³y,0710702,180.71,0,0,0,µL,µL,µL,60000,332,,0.0,0,,RPUPMLLKNHLFFDF68CC
²H¤ô°Ï,©Ð¦a(¤g¦a+«Øª«),·s¥_¥«²H¤ô°Ï¤¤¥¿ªF¸ô¤G¬q61~90¸¹,2.84,¦í,,,1050510,¤g¦a1«Øª«1¨®¦ì0,¤»¼h,26,¦í¦v¤j¼Ó(11¼h§t¥H¤W¦³¹q±è),¦í®a¥Î,¿û°©²V¾®¤g³y,0920922,51.2,1,1,1,¦³,¦³,¦³,15000,293,,0.0,0,,RPOPMLLKNHLFFEF18CC
·s©±°Ï,«Øª«,·s¥_¥«·s©±°Ï¥_·s¸ô¤T¬q149«Ñ1~30¸¹,0.0,¤u,,,1050423,¤g¦a0«Øª«1¨®¦ì0,¤T¼h,5,¼t¿ì,¤u·~¥Î,¿ûµ¬²V¾®¤g³y,0740517,121.55,0,0,0,µL,µL,¦³,21000,173,,0.0,0,,RPXNMLLKNHLFFCF68CC
·s©±°Ï,©Ð¦a(¤g¦a+«Øª«)+¨®¦ì,·s¥_¥«·s©±°Ï¤¤¥¿¸ô481~510¸¹,0.0,¤u,,,1050414,¤g¦a0«Øª«1¨®¦ì1,¤­¼h,10,¼t¿ì,¤u·~¥Î,¿ûµ¬²V¾®¤g³y,0790109,604.17,0,0,0,µL,¦³,µL,125000,207,©Y¹D¥­­±,0.0,0,,RPROMLLKNHLFFCF18CC
¦Á¤î°Ï,©Ð¦a(¤g¦a+«Øª«),·s¥_¥«¦Á¤î°Ï¤j¦P¸ô¤T¬q601~630¸¹,3.9,¦í,,,1050505,¤g¦a1«Øª«1¨®¦ì0,¤G¤Q¥|¼h,32,¦í¦v¤j¼Ó(11¼h§t¥H¤W¦³¹q±è),¦í®a¥Î,¿ûµ¬²V¾®¤g³y,0880203,41.31,1,1,1,¦³,¦³,¦³,8000,194,,0.0,0,1.§tºÞ²z¶O¡C,RPVPMLLKNHLFFDF98EC
®õ¤s°Ï,«Øª«,·s¥_¥«®õ¤s°ÏºÖ¿³¤Tµó1~30¸¹,0.0,¦í,,,1050331,¤g¦a0«Øª«1¨®¦ì0,¤@¼h,10,µØ·H(10¼h§t¥H¤U¦³¹q±è),°Ó·~¥Î,¿ûµ¬²V¾®¤g³y,0931019,182.19,0,0,0,µL,µL,µL,65000,357,,0.0,0,,RPVPMLLKNHLFFBF78EC
¾ðªL°Ï,«Øª«,·s¥_¥«¾ðªL°Ï¤T«Tµó211~240¸¹,0.0,¤u,,,1050506,¤g¦a0«Øª«1¨®¦ì0,¤G¼h,3,¤u¼t,¨£¨ä¥Lµn°O¨Æ¶µ,¿ûµ¬²V¾®¤g³y,0890926,254.01,0,0,0,µL,µL,µL,50000,,,0.0,0,,RPOOMLLKNHLFFIF48CC
Åaºq°Ï,«Øª«,·s¥_¥«Åaºq°ÏÅa®ç¸ô455«Ñ2§Ë1~30¸¹,0.0,¦í,,,1050422,¤g¦a0«Øª«1¨®¦ì0,¥|¼h,4,¤½´J(5¼Ó§t¥H¤UµL¹q±è),¦í®a¥Î,¿ûµ¬²V¾®¤g³y,0721021,83.46,3,2,2,¦³,µL,µL,6500,78,,0.0,0,,RPRPMLLKNHLFFIF88CC
Åaºq°Ï,©Ð¦a(¤g¦a+«Øª«),·s¥_¥«Åaºq°Ï¤j´ò¸ô700«Ñ10§Ë1~30¸¹,1411.0,,¤@¯ë¹A·~°Ï,¤BºØ«Ø¿v¥Î¦a,1050501,¤g¦a2«Øª«2¨®¦ì0,¨£¨ä¥Lµn°O¨Æ¶µ,2,¤u¼t,¤u·~¥Î,¨£¨ä¥Lµn°O¨Æ¶µ,,435.15,0,0,0,µL,µL,¦³,157500,,,0.0,0,§tªÅ¦aÅK¥Ö¼W«Ø¬ù150©W,RPVPMLLKNHLFFIF66CC
¤T®l°Ï,©Ð¦a(¤g¦a+«Øª«),·s¥_¥«¤T®l°Ï´_¿³¸ô271~300¸¹,122.79,¦í,,,1050425,¤g¦a1«Øª«1¨®¦ì0,¤@¼h,4,©±­±(©±¾Q),¨£¨ä¥Lµn°O¨Æ¶µ,¿ûµ¬²V¾®¤g³y,,85.0,0,0,0,µL,µL,µL,20000,235,,0.0,0,,RPWPMLLKNHLFFIF76CC
¥Ã©M°Ï,«Øª«,·s¥_¥«¥Ã©M°Ï¥Ã§Q¸ô61~90¸¹,0.0,¦í,,,1050416,¤g¦a0«Øª«1¨®¦ì0,¤G¼h,4,¤½´J(5¼Ó§t¥H¤UµL¹q±è),¦í®a¥Î,¥[±j¿j³y,0600823,67.57,2,2,1,¦³,µL,µL,12000,178,,0.0,0,,RPTNMLLKNHLFFHF78CC
¤¤©M°Ï,«Øª«,·s¥_¥«¤¤©M°Ï«O°·¸ô76«Ñ1~30¸¹,21.46,¦í,,,1050426,¤g¦a0«Øª«1¨®¦ì0,¤T¼h,5,¤½´J(5¼Ó§t¥H¤UµL¹q±è),¦í®a¥Î,¿ûµ¬²V¾®¤g³y,0670710,86.6,3,2,1,¦³,µL,¦³,17000,196,,0.0,0,,RPWNMLMKNHLFFHF56CC
¤¤©M°Ï,©Ð¦a(¤g¦a+«Øª«),·s¥_¥«¤¤©M°ÏªO«n¸ô661~690¸¹,28.22,¤u,,,1050428,¤g¦a1«Øª«1¨®¦ì0,¤@¼h,18,¼t¿ì,¨£¨ä¥Lµn°O¨Æ¶µ,¨£¨ä¥Lµn°O¨Æ¶µ,0981015,283.97,0,0,0,µL,¦³,µL,94500,333,,0.0,0,,RPWQMLMKNHLFFHF86CC
¤¤©M°Ï,«Øª«,·s¥_¥«¤¤©M°Ï®õ©Mµó38«Ñ31~60¸¹,0.0,¦í,,,1050507,¤g¦a0«Øª«1¨®¦ì0,¤@¼h,5,©±­±(©±¾Q),¦í®a¥Î,¿ûµ¬²V¾®¤g³y,0681130,85.6,0,1,1,¦³,µL,µL,30000,350,,0.0,0,,RPTRMLMKNHLFFHF66CC
¤¤©M°Ï,«Øª«,·s¥_¥«¤¤©M°Ï¤¤©M¸ô361~390¸¹,0.0,¨ä¥L,,,1050503,¤g¦a0«Øª«1¨®¦ì0,¤Q¤­¼h,21,¦í¦v¤j¼Ó(11¼h§t¥H¤W¦³¹q±è),¦í®a¥Î,¿ûµ¬²V¾®¤g³y,0951221,102.55,2,1,1,¦³,¦³,¦³,36000,351,,0.0,0,,RPPSMLMKNHLFFHF98CC
¤T®l°Ï,©Ð¦a(¤g¦a+«Øª«),·s¥_¥«¤T®l°Ï´_¿³¸ô160«Ñ2§Ë1~30¸¹,13.23,¨ä¥L,,,1050505,¤g¦a1«Øª«1¨®¦ì0,¤Q¤T¼h,16,¦í¦v¤j¼Ó(11¼h§t¥H¤W¦³¹q±è),¦í®a¥Î,¿ûµ¬²V¾®¤g³y,0830510,128.67,3,2,2,¦³,¦³,¦³,18000,140,,0.0,0,,RPVOMLMKNHLFFIF66CC
¾ðªL°Ï,©Ð¦a(¤g¦a+«Øª«),·s¥_¥«¾ðªL°Ï¾Ç¦¨¸ô631~660¸¹,20.8,°Ó,,,1050510,¤g¦a1«Øª«1¨®¦ì0,¤­¼h,19,¦í¦v¤j¼Ó(11¼h§t¥H¤W¦³¹q±è),¨£¨ä¥Lµn°O¨Æ¶µ,¿ûµ¬²V¾®¤g³y,0990128,204.73,3,2,2,¦³,¦³,¦³,29000,142,,0.0,0,,RPXOMLMKNHLFFIF86CC
²H¤ô°Ï,¨®¦ì,·s¥_¥«²H¤ô°Ï¤¤¥¿¸ô¤G¬q121~150¸¹,113.18,¦í,,,1050430,¤g¦a0«Øª«0¨®¦ì1,,1,¨ä¥L,¨£¨ä¥Lµn°O¨Æ¶µ,¿ûµ¬²V¾®¤g³y,0970214,30.96,0,0,0,¦³,¦³,µL,700,,©Y¹D¥­­±,30.95,700,,RPSNMLMKNHLFFEF48CC
²H¤ô°Ï,©Ð¦a(¤g¦a+«Øª«),·s¥_¥«²H¤ô°Ï¤¤¥¿ªF¸ô¤@¬q121~150¸¹,4.85,°Ó,,,1050510,¤g¦a1«Øª«1¨®¦ì0,¤E¼h,21,¦í¦v¤j¼Ó(11¼h§t¥H¤W¦³¹q±è),¦í®a¥Î,¿ûµ¬²V¾®¤g³y,0940714,60.18,1,1,1,¦³,¦³,¦³,14000,233,,0.0,0,,RPQOMLMKNHLFFEF38CC
²H¤ô°Ï,©Ð¦a(¤g¦a+«Øª«),·s¥_¥«²H¤ô°Ï¤¤¤s¥_¸ô¤@¬q212«Ñ1~30¸¹,11.03,¦í,,,1050509,¤g¦a1«Øª«1¨®¦ì0,¤»¼h,14,¦í¦v¤j¼Ó(11¼h§t¥H¤W¦³¹q±è),¦í®a¥Î,¿ûµ¬²V¾®¤g³y,0840617,69.66,2,1,1,¦³,¦³,¦³,9000,129,,0.0,0,¯²ª÷¤º§tºÞ²z¶O,RPPPMLMKNHLFFEF38CC
²H¤ô°Ï,©Ð¦a(¤g¦a+«Øª«),·s¥_¥«²H¤ô°Ï¤¤¤s¸ô151~180¸¹,18.5,¦í,,,1050428,¤g¦a1«Øª«1¨®¦ì0,¤C¼h,7,µØ·H(10¼h§t¥H¤U¦³¹q±è),¦í®a¥Î,¿ûµ¬²V¾®¤g³y,0811126,88.91,3,2,2,¦³,µL,¦³,15000,169,,0.0,0,,RPQPMLMKNHLFFEF48CC
¤T­«°Ï,«Øª«,·s¥_¥«¤T­«°Ï¤¯¬Fµó181~210¸¹,0.0,°Ó,,,1050422,¤g¦a0«Øª«1¨®¦ì0,¤T¼h,15,¦í¦v¤j¼Ó(11¼h§t¥H¤W¦³¹q±è),¦í®a¥Î,¿ûµ¬²V¾®¤g³y,1000902,107.52,2,2,1,¦³,¦³,¦³,24000,223,,0.0,0,1.¯²ª÷§tºÞ²z¶O2051¤¸,RPUNMLMKNHLFFGF88CC
ªO¾ô°Ï,©Ð¦a(¤g¦a+«Øª«),·s¥_¥«ªO¾ô°Ï­^¤h¸ô61~90¸¹,4.24,°Ó,,,1050415,¤g¦a1«Øª«1¨®¦ì0,¤G¤Q¤T¼h,28,¦í¦v¤j¼Ó(11¼h§t¥H¤W¦³¹q±è),¦í®a¥Î,¿ûµ¬²V¾®¤g³y,0860911,79.50999999999999,2,1,1,¦³,¦³,¦³,23000,289,,0.0,0,¯²ª÷§tºÞ²z¶O¡C,RPXNMLMKNHLFFAF58CC
ªO¾ô°Ï,«Øª«,·s¥_¥«ªO¾ô°Ï·s©²¸ô121~150¸¹,0.0,¨ä¥L,,,1050424,¤g¦a0«Øª«1¨®¦ì0,¤Q¤»¼h,24,®M©Ð(1©Ð1ÆU1½Ã),¦í®a¥Î,¿ûµ¬²V¾®¤g³y,0971119,39.19,1,1,1,¦³,¦³,¦³,18000,459,,0.0,0,,RPOOMLMKNHLFFAF77CC
ªL¤f°Ï,¤g¦a,ÄRªL¬q871~900¦a¸¹,480.99,¦í,,,1050505,¤g¦a1«Øª«0¨®¦ì0,,,¨ä¥L,,,,0.0,0,0,0,¦³,µL,µL,72500,151,,0.0,0,"ÅK¥Ö¯²¸î145©W,¦@¤@¼h",RPPOMLMKNHLFFBF97CC
®õ¤s°Ï,«Øª«,·s¥_¥«®õ¤s°Ï¥ÁÅvµó31~60¸¹,14.14,°Ó,,,1050429,¤g¦a0«Øª«1¨®¦ì0,¤C¼h,13,¦í¦v¤j¼Ó(11¼h§t¥H¤W¦³¹q±è),¨£¨ä¥Lµn°O¨Æ¶µ,¿ûµ¬²V¾®¤g³y,0890517,131.88,2,1,1,¦³,µL,µL,18000,136,,0.0,0,,RPTNNLNKNHLFFBF48CC
ªO¾ô°Ï,©Ð¦a(¤g¦a+«Øª«),·s¥_¥«ªO¾ô°Ï·s©²¸ô61~90¸¹,3.38,¨ä¥L,,,1050512,¤g¦a1«Øª«1¨®¦ì0,¤Q¤K¼h,24,¦í¦v¤j¼Ó(11¼h§t¥H¤W¦³¹q±è),¦í®a¥Î,¿ûµ¬²V¾®¤g³y,0971119,50.39,1,1,1,¦³,¦³,¦³,23000,456,,0.0,0,,RPQOMLNKNHLFFAF08CC
¦Á¤î°Ï,©Ð¦a(¤g¦a+«Øª«)+¨®¦ì,·s¥_¥«¦Á¤î°Ï·s»O¤­¸ô¤@¬q61~90¸¹,12.0,¤u,,,1050426,¤g¦a1«Øª«1¨®¦ì1,¤T¼h,21,¼t¿ì,¤u°Ó¥Î,¿û³y,0830330,173.78,0,0,0,µL,¦³,µL,34650,199,©Y¹D¥­­±,0.0,0,¤À¯²,RPSOMLNKNHLFFDF58CC
¦Á¤î°Ï,©Ð¦a(¤g¦a+«Øª«)+¨®¦ì,·s¥_¥«¦Á¤î°Ï·s»O¤­¸ô¤@¬q61~90¸¹,19.63,¤u,,,1050421,¤g¦a1«Øª«1¨®¦ì2,¤Q¤­¼h,21,¼t¿ì,¤u°Ó¥Î,¿û³y,0830330,289.24,0,0,0,µL,¦³,µL,53000,183,©Y¹D¥­­±,0.0,0,,RPXOMLNKNHLFFDF09CC
¦Á¤î°Ï,©Ð¦a(¤g¦a+«Øª«),·s¥_¥«¦Á¤î°Ï¤j¦P¸ô¤@¬q181~210¸¹,11.39,¤u,,,1050426,¤g¦a1«Øª«1¨®¦ì0,¤Q¤@¼h,14,¼t¿ì,¤u·~¥Î,¿ûµ¬²V¾®¤g³y,0830115,108.3,0,0,0,µL,¦³,µL,17000,157,,0.0,0,¤À¯²,RPOPMLNKNHLFFDF28CC
¦Á¤î°Ï,©Ð¦a(¤g¦a+«Øª«),·s¥_¥«¦Á¤î°ÏÀôªeµó121~150¸¹,1487.65,¤u,,,1050428,¤g¦a1«Øª«1¨®¦ì0,¨£¨ä¥Lµn°O¨Æ¶µ,2,¼t¿ì,¨£¨ä¥Lµn°O¨Æ¶µ,¨£¨ä¥Lµn°O¨Æ¶µ,0960412,630.87,0,0,0,µL,µL,µL,181632,288,,0.0,0,,RPPPMLNKNHLFFDF38CC
¤T­«°Ï,«Øª«,·s¥_¥«¤T­«°Ï¥¿¸q¥_¸ô271~300¸¹,0.0,°Ó,,,1050331,¤g¦a0«Øª«1¨®¦ì0,¤@¼h,13,©±­±(©±¾Q),°Ó·~¥Î,¿ûµ¬²V¾®¤g³y,0970201,259.67,0,0,0,µL,¦³,µL,90000,347,,0.0,0,,RPQNMLNKNHLFFGF58CC
²H¤ô°Ï,¨®¦ì,·s¥_¥«²H¤ô°Ï¾Ç©²¸ô102«Ñ61~90¸¹,0.35,¦í,,,1050325,¤g¦a0«Øª«0¨®¦ì1,,,¨ä¥L,,,,31.93,0,0,0,¦³,µL,¦³,2300,,©Y¹D¥­­±,31.93,2300,,RPTRMLNKNHLFFEF09CC
¥Ã©M°Ï,«Øª«,·s¥_¥«¥Ã©M°Ï¤¤¤s¸ô¤@¬q31~60¸¹,0.0,°Ó,,,1050508,¤g¦a0«Øª«1¨®¦ì0,¤­¼h,15,®M©Ð(1©Ð1ÆU1½Ã),¨£¨ä¥Lµn°O¨Æ¶µ,¨£¨ä¥Lµn°O¨Æ¶µ,0990910,62.510000000000005,1,1,1,¦³,µL,¦³,21000,336,,0.0,0,,RPPOMLNKNHLFFHF68CC
¤¤©M°Ï,«Øª«,·s¥_¥«¤¤©M°Ï¤¤¥¿¸ô841~870¸¹,0.0,¨ä¥L,,,1050415,¤g¦a0«Øª«1¨®¦ì0,¤Q¥|¼h,17,¼t¿ì,¨£¨ä¥Lµn°O¨Æ¶µ,¨£¨ä¥Lµn°O¨Æ¶µ,0890930,217.39,0,0,0,µL,¦³,µL,46032,212,,0.0,0,,RPVQMLNKNHLFFHF86CC
¤¤©M°Ï,«Øª«,·s¥_¥«¤¤©M°Ï¤¤¤s¸ô¤G¬q64«Ñ1~30¸¹,0.0,°Ó,,,1050424,¤g¦a0«Øª«1¨®¦ì0,¤T¼h,4,¤½´J(5¼Ó§t¥H¤UµL¹q±è),¦í®a¥Î,¿ûµ¬²V¾®¤g³y,0660617,73.24,3,2,1,¦³,µL,¦³,16000,218,,0.0,0,,RPORMLNKNHLFFHF88CC
¤¤©M°Ï,«Øª«,·s¥_¥«¤¤©M°Ï¤¤¥¿¸ô691~720¸¹,0.0,¤u,,,1050503,¤g¦a0«Øª«1¨®¦ì0,¤»¼h,18,¼t¿ì,¨£¨ä¥Lµn°O¨Æ¶µ,¿ûµ¬²V¾®¤g³y,0900227,362.49,0,0,0,µL,¦³,µL,98694,272,,0.0,0,,RPPRMLNKNHLFFHF98CC
¤¤©M°Ï,«Øª«,·s¥_¥«¤¤©M°Ï¤¤¥¿¸ô481~510¸¹,0.0,¦í,,,1050509,¤g¦a0«Øª«1¨®¦ì1,¤G¼h,12,¦í¦v¤j¼Ó(11¼h§t¥H¤W¦³¹q±è),°Ó·~¥Î,¿ûµ¬²V¾®¤g³y,0870918,126.28,0,0,0,µL,¦³,µL,30500,244,©Y¹D¾÷±ñ,15.64,3500,"¦¹¬°¤À¤á¥X¯²¡B¨®¦ì¥u¦³¯²1­Ó¡A­ì¥Ó³ø®Ñ§Ç¸¹:C1FH10505120042,§ó¥¿²Ä21Äæ",RPQRMLNKNHLFFHF09CC
¤¤©M°Ï,©Ð¦a(¤g¦a+«Øª«)+¨®¦ì,·s¥_¥«¤¤©M°Ï¤¤¤s¸ô¤G¬q348«Ñ1~30¸¹,162.47,¤u,,,1050414,¤g¦a1«Øª«1¨®¦ì1,¤E¼h,10,¼t¿ì,¤u·~¥Î,¿ûµ¬²V¾®¤g³y,0820604,473.25,0,0,0,µL,¦³,µL,66500,141,©Y¹D¥­­±,0.0,0,C1FH10505120065C1FH10505120067C1FH10505120070¤À¯²¬ù107©W,RPURMLNKNHLFFHF86CC
·s©±°Ï,«Øª«,·s¥_¥«·s©±°Ï¥_·s¸ô¤G¬q181~210¸¹,0.0,¦í,,,1050427,¤g¦a0«Øª«1¨®¦ì0,¤»¼h,12,¦í¦v¤j¼Ó(11¼h§t¥H¤W¦³¹q±è),¦í®a¥Î,¿ûµ¬²V¾®¤g³y,0871201,68.49,2,1,1,¦³,¦³,µL,22000,321,,0.0,0,,RPOOMLNKNHLFFCF08CC
¾ðªL°Ï,©Ð¦a(¤g¦a+«Øª«),·s¥_¥«¾ðªL°Ï¤j¦³¸ô61~90¸¹,17.86,¦í,,,1050415,¤g¦a1«Øª«1¨®¦ì0,¤@¼h,25,©±­±(©±¾Q),¨£¨ä¥Lµn°O¨Æ¶µ,¿ûµ¬²V¾®¤g³y,0960929,107.59,0,0,0,µL,¦³,¦³,50000,465,,0.0,0,,RPOOMLNKNHLFFIF78DC
¦Á¤î°Ï,©Ð¦a(¤g¦a+«Øª«),·s¥_¥«¦Á¤î°Ï¤¤¿³¸ô246«Ñ1~30¸¹,132.91,¦í,,,1050422,¤g¦a4«Øª«1¨®¦ì0,¤@¼h,5,¤½´J(5¼Ó§t¥H¤UµL¹q±è),¦í®a¥Î,¿ûµ¬²V¾®¤g³y,0710216,94.25,1,1,1,¦³,µL,µL,24000,255,,0.0,0,,RPQPMLNKNHLFFDF58DC
¤¤©M°Ï,«Øª«,·s¥_¥«¤¤©M°Ï¤¤¥¿¸ô61~90¸¹,0.0,¦í,,,1050417,¤g¦a0«Øª«1¨®¦ì0,¤T¼h,5,¤½´J(5¼Ó§t¥H¤UµL¹q±è),¦í®a¥Î,¿ûµ¬²V¾®¤g³y,0671118,86.31,3,2,1,¦³,µL,µL,18000,209,,0.0,0,,RPRNMLOKNHLFFHF88CC
¤¤©M°Ï,«Øª«,·s¥_¥«¤¤©M°Ï¤¤¥¿¸ô61~90¸¹,0.0,¦í,,,1050428,¤g¦a0«Øª«1¨®¦ì0,¤Q¤C¼h,21,¦í¦v¤j¼Ó(11¼h§t¥H¤W¦³¹q±è),¦í®a¥Î,¿ûµ¬²V¾®¤g³y,0891014,121.79,3,2,2,¦³,¦³,µL,24000,197,,0.0,0,,RPSNMLOKNHLFFHF98CC
¤¤©M°Ï,«Øª«,·s¥_¥«¤¤©M°Ï´º¥­¸ô481~510¸¹,0.0,¨ä¥L,,,1050427,¤g¦a0«Øª«1¨®¦ì0,¤Q¤T¼h,19,®M©Ð(1©Ð1ÆU1½Ã),¦í®a¥Î,¿û°©¿ûµ¬²V¾®¤g³y,0970501,72.33,0,0,0,µL,¦³,µL,18000,249,,0.0,0,,RPTNMLOKNHLFFHF09CC
¤¤©M°Ï,«Øª«,·s¥_¥«¤¤©M°Ï¦¨¥\¸ô121~150¸¹,0.0,¦í,,,1050430,¤g¦a0«Øª«1¨®¦ì0,¥|¼h,33,¦í¦v¤j¼Ó(11¼h§t¥H¤W¦³¹q±è),¦í®a¥Î,¿û°©¿ûµ¬²V¾®¤g³y,0860322,83.25999999999999,2,1,1,¦³,¦³,µL,18000,216,,0.0,0,,RPUNMLOKNHLFFHF56CC
²H¤ô°Ï,©Ð¦a(¤g¦a+«Øª«)+¨®¦ì,·s¥_¥«²H¤ô°Ï²Hª÷¸ô¤@¬q541~570¸¹,34.71,¦í,,,1050514,¤g¦a1«Øª«1¨®¦ì1,¤E¼h,15,¦í¦v¤j¼Ó(11¼h§t¥H¤W¦³¹q±è),¦í®a¥Î,¿ûµ¬²V¾®¤g³y,1041001,190.91,3,2,2,¦³,¦³,µL,28000,147,©Y¹D¥­­±,37.85,0,,RPPNMLOKNHLFFEF38CC
ªO¾ô°Ï,«Øª«,·s¥_¥«ªO¾ô°Ï¤å¤Æ¸ô¤@¬q301~330¸¹,0.0,¦í,,,1050430,¤g¦a0«Øª«1¨®¦ì0,¨£¨ä¥Lµn°O¨Æ¶µ,4,©±­±(©±¾Q),¦í®a¥Î,¥[±j¿j³y,,299.57,0,0,0,µL,µL,µL,200000,668,,0.0,0,,RPQNMLOKNHLFFAF08CC
¦Á¤î°Ï,©Ð¦a(¤g¦a+«Øª«),·s¥_¥«¦Á¤î°Ï¤j¦P¸ô¤G¬q211~240¸¹,0.0,¨ä¥L,,,1050514,¤g¦a2«Øª«1¨®¦ì0,¤G¼h,24,¦í¦v¤j¼Ó(11¼h§t¥H¤W¦³¹q±è),¦í®a¥Î,¿û°©¿ûµ¬²V¾®¤g³y,0850710,29.63,1,0,1,¦³,¦³,¦³,9000,304,,0.0,0,,RPPNMLPKNHLFFDF38CC
¦Á¤î°Ï,©Ð¦a(¤g¦a+«Øª«),·s¥_¥«¦Á¤î°Ï¤j¦P¸ô¤G¬q184«Ñ1~30¸¹,0.0,¦í,,,1050514,¤g¦a2«Øª«1¨®¦ì0,¤Q¤@¼h,22,¦í¦v¤j¼Ó(11¼h§t¥H¤W¦³¹q±è),¦í®a¥Î,¿ûµ¬²V¾®¤g³y,0870903,100.74,2,2,1,¦³,¦³,¦³,18000,179,,0.0,0,,RPQNMLPKNHLFFDF48CC
¤T®l°Ï,©Ð¦a(¤g¦a+«Øª«),·s¥_¥«¤T®l°Ï¤j¦P¸ô240«Ñ45§Ë1~30¸¹,27.2,¦í,,,1050420,¤g¦a4«Øª«1¨®¦ì0,¤G¼h,8,µØ·H(10¼h§t¥H¤U¦³¹q±è),¦í®a¥Î,¿ûµ¬²V¾®¤g³y,0841103,99.06,3,1,1,¦³,µL,¦³,10000,101,,0.0,0,,RPPNMLPKNHLFFIF88CC
¤T®l°Ï,©Ð¦a(¤g¦a+«Øª«)+¨®¦ì,·s¥_¥«¤T®l°Ï¤T¾ð¸ô241~270¸¹,17.2,¦í,,,1050502,¤g¦a1«Øª«1¨®¦ì1,¤Q¤@¼h,15,¦í¦v¤j¼Ó(11¼h§t¥H¤W¦³¹q±è),¦í®a¥Î,¿ûµ¬²V¾®¤g³y,0940609,140.63,3,2,2,¦³,µL,¦³,20000,142,©Y¹D¥­­±,24.8,0,,RPRNMLPKNHLFFIF09CC
